Time(s),CPU (%),Memory (MB),Connection Time(s),Signed Message Size (bytes),Throughput (MB/s)
0.0,0.0,51.20703125,0.38503074645996094,5243136,12.986609995690232
0.11403179168701172,0.0,51.25390625,0.38503074645996094,5243136,12.986609995690232
0.22403478622436523,0.0,51.25390625,0.38503074645996094,5243136,12.986609995690232
0.3360283374786377,0.0,51.171875,0.38503074645996094,5243136,12.986609995690232
