Time(s),CPU (%),Memory (MB),Connection Time(s),Signed Message Size (bytes),Throughput (MB/s)
0.0,0.0,42.67578125,0.2548835277557373,5245300,19.625857880622117
0.11400866508483887,0.0,42.7265625,0.2548835277557373,5245300,19.625857880622117
0.22338056564331055,0.0,42.7265625,0.2548835277557373,5245300,19.625857880622117
